RelativePath,MASTER_SHA256,FIXED_SHA256,MASTER_Length,FIXED_Length
.devcontainer/devcontainer.json,e55894bfac3b0828d57af1f7f13dbc452c95277a91fb3506bba13e16dcddb7bb,347e60c9d878203e5d9a77f8ffc8c77c04ef31f3530d6c53ef391012dbb567cc,979,443
.devcontainer/docker-compose.devcontainer.yml,759a26c87f368bc948d69fe1191b74e0616c6345e126f0f068ad8096ce10a39f,541af6fd721c4a126150219358354a5a22402b157d8c411e36c10879b070cd9c,425,459
.vscode/settings.json,8b0bfa48e18aa19c74d56e4bd930b5390bf88e0e4a780b0825dbe53233f3c010,08d1285046d5ea54686db92c8a626cff43f544bd52b763451bb4f30dfde10064,930,228
AGENTS.md,835e052713593252e33a25cc06ade36b79a48733c618fe2a070592900480b7b2,ed0e00b58c07e33775675c207d7bc6ae9e78d439dd214111aa8d1b9a9140ebc5,11459,4734
FINAL_V01_DELIVERY_MANIFEST.txt,09f997dbd730ed0f451f6d33cfeba6e8daf156449bd3ea0d74f42b84d7b4ca51,28c618826299cec0a0dc3e1c22c33e120a19fc2396dc20aab52a263a2f6d29dc,8376,1528
README.md,f43254fb995bd57c79f20a9074af37b7b1a3d686cbd6e58edb3ea62aa8157e37,5577be152ecaea67257e9b81f2b16c4b0cbddbc174643586ad2facca90573a6d,1235,1661
V01_DELIVERY_INVENTORY.txt,f4572aa616290de6400b14c3a59361f822b9e6c2c94e217d2a635c3cc2d39c15,785e0d9f799f92fcee474e5dacce5fcc6914b39ba69935e904dd655a94addf8e,318,93
VERIFY-V01.ps1,35224f3bd81216a06c2ceb355dec578f1f9fb343e453665c0957a41f00e6a78d,b869286c307cc250a49b6bb6c65626ccd6561f979b5f140ecc995063bfbd2aa8,694,289
backend/app/api/job.py,d6365d1e54b9d38202083417be1ccecfbe950877b6da94daadfe955258eda552,d899c0e3afa60a341eaa8609599653333be71b6f5acb94ca94f45546cdb0e0bd,6306,6332
backend/app/core/config.py,e5c0eaccacc005753d5f549d3f3b06582554cf0a6cfc192d1aea9fba9f6bfa88,818b46ada80533820072f00fcaa25bd5b4b60d97932677cce47eeb6c739dc890,522,527
backend/app/main.py,0e54e4eca51566ede634f05ff4eba1d5d114d9449083d86c29e59a588c1105a7,aa90fbaa4cc63837e060bc2a4a71ba91a9965ed9ca5aa5fed75525178ddd47cd,2126,1910
backend/app/models/__init__.py,bd291461730986b21428539c913794592c4c0fb4593308f35f03bd375a6ffcd0,2453bb7845d8a176935270e2e9f0edc75b88ee6b20415cc32e4ad22be6c81bae,2588,1931
backend/app/models/user.py,49ba0b25ee6d494e44812e102767b3dff830763d1382384504355b5d9db84709,9796cc135a084b66a534abc66a48c1a8cdb6ff0443456403628083c20a176eea,1911,1882
backend/dockerfile.dockerfile,622ca021e7ccf4333f0a3c6651a348621fff955e7f4629735b9334c7adb1f437,5ddc403f9f4b9fe85013685a57c39f5f1600af46dc91cf73dd9b2bc7ae7e1a8d,392,242
backend/prisma/.gitkeep,e3b0c44298fc1c149afbf4c8996fb92427ae41e4649b934ca495991b7852b855,01ba4719c80b6fe911b091a7c05124b64eeece964e09c058ef8f9805daca546b,0,1
backend/requirements.txt,914a80e3084626ff59d444bdee6684c6f162e1fb60cb7e3d8acc2b8f4d9d40ce,3208430993a996ba91d0938e6fd2c1380e34d0ec2aac93e706b1962b16a11433,259,296
backend/src/config/.gitkeep,e3b0c44298fc1c149afbf4c8996fb92427ae41e4649b934ca495991b7852b855,01ba4719c80b6fe911b091a7c05124b64eeece964e09c058ef8f9805daca546b,0,1
backend/src/controllers/.gitkeep,e3b0c44298fc1c149afbf4c8996fb92427ae41e4649b934ca495991b7852b855,01ba4719c80b6fe911b091a7c05124b64eeece964e09c058ef8f9805daca546b,0,1
backend/src/middleware/.gitkeep,e3b0c44298fc1c149afbf4c8996fb92427ae41e4649b934ca495991b7852b855,01ba4719c80b6fe911b091a7c05124b64eeece964e09c058ef8f9805daca546b,0,1
backend/src/models/.gitkeep,e3b0c44298fc1c149afbf4c8996fb92427ae41e4649b934ca495991b7852b855,01ba4719c80b6fe911b091a7c05124b64eeece964e09c058ef8f9805daca546b,0,1
backend/src/routes/.gitkeep,e3b0c44298fc1c149afbf4c8996fb92427ae41e4649b934ca495991b7852b855,01ba4719c80b6fe911b091a7c05124b64eeece964e09c058ef8f9805daca546b,0,1
backend/src/services/.gitkeep,e3b0c44298fc1c149afbf4c8996fb92427ae41e4649b934ca495991b7852b855,01ba4719c80b6fe911b091a7c05124b64eeece964e09c058ef8f9805daca546b,0,1
backend/src/types/.gitkeep,e3b0c44298fc1c149afbf4c8996fb92427ae41e4649b934ca495991b7852b855,01ba4719c80b6fe911b091a7c05124b64eeece964e09c058ef8f9805daca546b,0,1
backend/src/utils/.gitkeep,e3b0c44298fc1c149afbf4c8996fb92427ae41e4649b934ca495991b7852b855,01ba4719c80b6fe911b091a7c05124b64eeece964e09c058ef8f9805daca546b,0,1
database/.gitkeep,e3b0c44298fc1c149afbf4c8996fb92427ae41e4649b934ca495991b7852b855,01ba4719c80b6fe911b091a7c05124b64eeece964e09c058ef8f9805daca546b,0,1
docker-compose.yml,23e702678fe1ac6c7e05304edc0ee8abaee28ee99c8c66b591e917a244343008,d54f2f51ca2bba9ec96f4f952fdb3efe09562574acc94e512d62fa2549c02c07,1203,1152
docs/CAREEROS_BLUEPRINT.md,fc22e8c42883897d869c447d80571df4916c5ec6aa06c23a499b929b7defc885,0f5e06794799dde33c3c3e7c4999336c93cc5de3d6623fb27451346ffec7810e,4001,5044
docs/CAREEROS_DEVELOPMENT_WORKFLOW.md,064a713d9c40dca28d6dd492b758a6e393b3d7886e61b34d4163dd3d1e3c6ada,f38629392b4ee9cdcc90689a27cf5396ad0853671fbd52c595d0fe117204605c,5255,709
docs/CAREEROS_PROJECT_ASSESSMENT.md,6127c91a9bff92ded5136df19b62199c25e4066f63e201ff5e6163c02f9ed589,835296ae0def6a31a56d18b456925c446bd794a8d8ec1cfb2d55a97eff88f4b8,2377,6178
docs/CAREEROS_PROJECT_STATUS.md,5b28aaa091aa718099f248f8d7ab395380b1684e584487414006315557ea9c35,89f9e236c606f2370d3e7b6a4064c59058554a903df7d0daa1f236d210232f1c,2652,7396
docs/CAREEROS_REPOSITORY_SYNC.md,05fbba924a1c195535f41bdbc0a26c636d8ed965cbc3e4db87335c645ad3e1f6,6b2fb3ebe001418a70c16bdd561d9d393acaf824412ea410deee79c61320830e,1482,328
docs/CAREEROS_SPEC.md,a345be837ea67e881ac4325f84fe3f5e40b764e0db60817ee2e457b71157763f,99aeaf6a41e7d8228ef802e9bfe2be8ed489b8c4c3dacd25ef009048af47b5ac,6649,6691
docs/CAREEROS_VERSION_ARCHITECTURE.md,e8268c5ab87aec1b0bc97b39c98a17c67ecfa38b39c863272acd4b6c09e14644,90a1855b91367cad7df6f63bbe5fa7c55fe93f46e19715b14526d19a7eab13d1,9769,378
docs/DEVELOPMENT_ROADMAP.md,70f21a4c0970fbd70e0756f983135903e37d96629e0b3cbdd3f39449231a9439,e8024e3ef6209bdbcd68de5afe872e2d062a66f0fe293ef06bf1383c0e013b41,4168,3890
docs/ORIGNAL_PROJECT_IDEA.md,d435b1adb07e30ac95f385d08a0050ae8918bc5143401f093a24de58d38b6540,c1383238d7d83392fb393d41980dc38cd202b674ebb5773a06d0446836ed379f,20049,53571
frontend/.gitignore,942116b3e9c3931d06c49d7feaa1219f8e333ddeac645fb8cc4e2fa2c03f5339,ad4a0966be1bd5d675e380cddb6aae7104043cc80ba763d96e71ff66c066ce43,391,64
frontend/public/.gitkeep,e3b0c44298fc1c149afbf4c8996fb92427ae41e4649b934ca495991b7852b855,01ba4719c80b6fe911b091a7c05124b64eeece964e09c058ef8f9805daca546b,0,1
frontend/src/app/.gitkeep,e3b0c44298fc1c149afbf4c8996fb92427ae41e4649b934ca495991b7852b855,01ba4719c80b6fe911b091a7c05124b64eeece964e09c058ef8f9805daca546b,0,1
frontend/src/app/analytics/page.tsx,cfa24853b929243b89c79ae20f572a7ae3d4e0284fb0cc92b52ce43aeaeef376,91d291fa344cfcfc2c71dec9dfe786074f6d53cfe82dd0bf46c4087874bcd234,1223,1843
frontend/src/app/application-studio/page.tsx,ff889302a5015c661da3334da82a77fd2b28d000c0065fc3e7799df8331b0b48,02d4f5e1f7a1e8d53abc99e3ab7b5a3aae4f9e0d06baf3b0e0ad54438f7e6878,1501,3804
frontend/src/app/applications/page.tsx,76672d2b760132c5abfc4c8018f9b064cac08613e40ea8806b6af3f8c90699f8,88c8d04f03e021bdba0c83bd07f554860581846cfc1c0e08e6686d2422ad40af,1003,2079
frontend/src/app/career-vault/page.tsx,1a977b655b7cf1e6b8bdae24506431030080a0a8db91fd850489dc1a453de45f,07c00462e6316029bc757244f7fdf116126c0615774410184e78f8abc0141184,1571,10137
frontend/src/app/company-intelligence/page.tsx,1f4ea2b2076e3e8171cb45618c9127c92c815944cc7b88872caa08b39d63f3e8,a7812be613494edce07939e09467f0446789c8ee85a8feb12ce345b98823cb8d,1428,1984
frontend/src/app/global-mobility/page.tsx,c9efa6db7f4947b5f4d42ddcf8b593bf3b81a4aae2fedb6386bf4f142399cc83,e7158e8b43dee3aeecf8b8954d5341124312d2f664d0edb91a0e169e5ee5997b,1089,2666
frontend/src/app/globals.css,2ea12ea6f3ec5743313a2e7a8bf54f0391604c8dc2984163ecab410cf853e793,cf996931125ab7f440cd6ea0e4d8425a229fc4b2b86bc258bf50dddbdde6e5d2,265,831
frontend/src/app/interviews/page.tsx,60e592b389ee8d0c6ad9b33aa24f6f9dd7756623009027e235ea48a8307134fa,00c049dd941c62b0d1455916c68c26de95cbec0c30f77bdac8e590709c0a824a,2071,2490
frontend/src/app/jobs/[id]/page.tsx,733a0552631f20b767ba62cde3db0ba1a2e0398a2aeb9d842fda7f33331b28d9,669bb251f4e8dcc2d0ae81df66ef35e5a10e27b99b3547bb228d8b2034a46d06,1593,2308
frontend/src/app/jobs/page.tsx,58c48754f55a05afd94ede3f1a0ff3fed2145ebd030dcd029f85b39870147c37,b0f9b9a95ed8ffb6aa68f2a1b5d9f8ed53dbc3589e1ba393e831cdabdcde36f2,1820,2642
frontend/src/app/layout.tsx,1be2c674c9be3b4aa643a61124023666a0fe7bdd9b1ecf439e68ace060640776,8fcbe29a096a8542b5bd3df623d7cdca24d1f97fe9aaabf4427bc3020824c8c4,611,377
frontend/src/app/live-interview/page.tsx,6d30ce4555482c6053d6f42ece5a18163f9e120518e4a45957806518ecd2ada0,8bdd7802a650b1fe23bb209cad7cf4d3cc67bf2d635c048877bf637fabc67641,1706,2732
frontend/src/app/login/page.tsx,0b0af557d1b8bf30f3494982ae17322f434f9629e0188a24c5f6320b7a16661f,34d73ca696e4da24047920d0b2498ad17c8e396828bd010f4067a20d4e48aaf9,2279,3728
frontend/src/app/onboarding/page.tsx,797d0dc4e9b58220c1cc30283d197343f3f89b33174d74a74e9bae039fcc6f86,dec811ab90f27722bb3155536a371e76b4c9ed4bfc840ef0e76227d104486664,1012,2407
frontend/src/app/page.tsx,69f06ccf93ed6de71d3cebdef8dbcc9072022d8142b05bd4395af19c68945c7a,00b8abcc548642e629d0d06d5aaeba87cfe2c3b58b321afa8efbf73c68fe0e9d,6091,3432
frontend/src/app/personas/page.tsx,146a61c9e1534010f3bd53250544f344a3511ea938dedefce4c7bee894434ee8,a839bb2ab2011645e86e6a8bf6d5c3440730de3e76405c53406996c133d6ff74,1311,2415
frontend/src/app/settings/page.tsx,b8bf8a4cb0294a1eb10204c2a4ad855270d41c5b927240c6e6b0750c986065f0,9b6b31d048b06c7542a06e2011e1e7bb6e942bda3d38884bbc7db59e68c7a969,1567,1835
frontend/src/components/.gitkeep,e3b0c44298fc1c149afbf4c8996fb92427ae41e4649b934ca495991b7852b855,01ba4719c80b6fe911b091a7c05124b64eeece964e09c058ef8f9805daca546b,0,1
frontend/src/components/CareerOSShell.tsx,dabcb6d94450d4d64474ef5233d23114e92bbc1852bf7bd40b68da92a7aac6a6,fc4c0d9da0985ce9d63daeffc2f1c9b914fefd0ca74087d0f2e143ff483d3a4a,5130,6540
frontend/src/hooks/.gitkeep,e3b0c44298fc1c149afbf4c8996fb92427ae41e4649b934ca495991b7852b855,01ba4719c80b6fe911b091a7c05124b64eeece964e09c058ef8f9805daca546b,0,1
frontend/src/lib/.gitkeep,e3b0c44298fc1c149afbf4c8996fb92427ae41e4649b934ca495991b7852b855,01ba4719c80b6fe911b091a7c05124b64eeece964e09c058ef8f9805daca546b,0,1
frontend/src/lib/api/client.ts,79206b08a0c9d0183a78b617fc654a42112e1544d6a2310899d5682c90b0cfd1,7fddeca4ed53cd25aff8326e1fbe9e2b7569e239a86f8614a5ea524dd1b008ac,1288,4052
frontend/src/styles/.gitkeep,e3b0c44298fc1c149afbf4c8996fb92427ae41e4649b934ca495991b7852b855,01ba4719c80b6fe911b091a7c05124b64eeece964e09c058ef8f9805daca546b,0,1
frontend/src/types/.gitkeep,e3b0c44298fc1c149afbf4c8996fb92427ae41e4649b934ca495991b7852b855,01ba4719c80b6fe911b091a7c05124b64eeece964e09c058ef8f9805daca546b,0,1
frontend/tailwind.config.js,5aa62ec28e2717ae54fd0a34b9698ad148600d766ad3fbb237ef14cc325cba83,e1edd2c3f5b495c948411f04aaaf2a84eed4bb729e78482049956e5ee59ce2a0,588,766
nginx/.gitkeep,e3b0c44298fc1c149afbf4c8996fb92427ae41e4649b934ca495991b7852b855,01ba4719c80b6fe911b091a7c05124b64eeece964e09c058ef8f9805daca546b,0,1
scripts/.gitkeep,e3b0c44298fc1c149afbf4c8996fb92427ae41e4649b934ca495991b7852b855,01ba4719c80b6fe911b091a7c05124b64eeece964e09c058ef8f9805daca546b,0,1
tests/e2e/.gitkeep,e3b0c44298fc1c149afbf4c8996fb92427ae41e4649b934ca495991b7852b855,01ba4719c80b6fe911b091a7c05124b64eeece964e09c058ef8f9805daca546b,0,1
tests/integration/.gitkeep,e3b0c44298fc1c149afbf4c8996fb92427ae41e4649b934ca495991b7852b855,01ba4719c80b6fe911b091a7c05124b64eeece964e09c058ef8f9805daca546b,0,1
tests/unit/.gitkeep,e3b0c44298fc1c149afbf4c8996fb92427ae41e4649b934ca495991b7852b855,01ba4719c80b6fe911b091a7c05124b64eeece964e09c058ef8f9805daca546b,0,1
